date,traffic_id,available_impressions
2025-01-01,T01,250519048
2025-01-01,T02,215831795
2025-01-01,T03,169582124
2025-01-01,T04,202342308
2025-01-02,T01,257111817
2025-01-02,T02,221511719
2025-01-02,T03,174044922
2025-01-02,T04,207667237
2025-01-03,T01,252343801
2025-01-03,T02,217403890
2025-01-03,T03,170817342
2025-01-03,T04,203816147
2025-01-04,T01,223946118
2025-01-04,T02,192938194
2025-01-04,T03,151594295
2025-01-04,T04,180879557
2025-01-05,T01,224867377
2025-01-05,T02,193731894
2025-01-05,T03,152217917
2025-01-05,T04,181623651
2025-01-06,T01,257116888
2025-01-06,T02,221516088
2025-01-06,T03,174048355
2025-01-06,T04,207671332
2025-01-07,T01,247596878
2025-01-07,T02,213314233
2025-01-07,T03,167604040
2025-01-07,T04,199982093
2025-01-08,T01,245747658
2025-01-08,T02,211721059
2025-01-08,T03,166352261
2025-01-08,T04,198488493
2025-01-09,T01,250180126
2025-01-09,T02,215539801
2025-01-09,T03,169352701
2025-01-09,T04,202068563
2025-01-10,T01,257555946
2025-01-10,T02,221894353
2025-01-10,T03,174345563
2025-01-10,T04,208025956
2025-01-11,T01,226262752
2025-01-11,T02,194934063
2025-01-11,T03,153162478
2025-01-11,T04,182750684
2025-01-12,T01,224213538
2025-01-12,T02,193168587
2025-01-12,T03,151775318
2025-01-12,T04,181095550
2025-01-13,T01,249967068
2025-01-13,T02,215356243
2025-01-13,T03,169208476
2025-01-13,T04,201896478
2025-01-14,T01,255897051
2025-01-14,T02,220465152
2025-01-14,T03,173222619
2025-01-14,T04,206686080
2025-01-15,T01,249450615
2025-01-15,T02,214911299
2025-01-15,T03,168858877
2025-01-15,T04,201479342
2025-01-16,T01,248247649
2025-01-16,T02,213874898
2025-01-16,T03,168044562
2025-01-16,T04,200507717
2025-01-17,T01,251572095
2025-01-17,T02,216739035
2025-01-17,T03,170294956
2025-01-17,T04,203192846
2025-01-18,T01,230916735
2025-01-18,T02,198943648
2025-01-18,T03,156312866
2025-01-18,T04,186509670
2025-01-19,T01,224569143
2025-01-19,T02,193474954
2025-01-19,T03,152016035
2025-01-19,T04,181382769
2025-01-20,T01,248159760
2025-01-20,T02,213799178
2025-01-20,T03,167985068
2025-01-20,T04,200436729
2025-01-21,T01,252667666
2025-01-21,T02,217682912
2025-01-21,T03,171036573
2025-01-21,T04,204077730
2025-01-22,T01,255953856
2025-01-22,T02,220514091
2025-01-22,T03,173261071
2025-01-22,T04,206731960
2025-01-23,T01,248880764
2025-01-23,T02,214420351
2025-01-23,T03,168473133
2025-01-23,T04,201019079
2025-01-24,T01,246427186
2025-01-24,T02,212306499
2025-01-24,T03,166812249
2025-01-24,T04,199037342
2025-01-25,T01,226720215
2025-01-25,T02,195328185
2025-01-25,T03,153472145
2025-01-25,T04,183120174
2025-01-26,T01,230592322
2025-01-26,T02,198664154
2025-01-26,T03,156093264
2025-01-26,T04,186247645
2025-01-27,T01,252227489
2025-01-27,T02,217303683
2025-01-27,T03,170738608
2025-01-27,T04,203722203
2025-01-28,T01,247349846
2025-01-28,T02,213101406
2025-01-28,T03,167436819
2025-01-28,T04,199782568
2025-01-29,T01,251071945
2025-01-29,T02,216308137
2025-01-29,T03,169956393
2025-01-29,T04,202788878
2025-01-30,T01,253809966
2025-01-30,T02,218667048
2025-01-30,T03,171809823
2025-01-30,T04,205000357
2025-01-31,T01,249115918
2025-01-31,T02,214622944
2025-01-31,T03,168632313
2025-01-31,T04,201209010
2025-02-01,T01,233528650
2025-02-01,T02,201193914
2025-02-01,T03,158080932
2025-02-01,T04,188619294
2025-02-02,T01,236103902
2025-02-02,T02,203412593
2025-02-02,T03,159824180
2025-02-02,T04,190699305
2025-02-03,T01,259283671
2025-02-03,T02,223382855
2025-02-03,T03,175515100
2025-02-03,T04,209421427
2025-02-04,T01,256429560
2025-02-04,T02,220923929
2025-02-04,T03,173583087
2025-02-04,T04,207116183
2025-02-05,T01,260905675
2025-02-05,T02,224780273
2025-02-05,T03,176613072
2025-02-05,T04,210731506
2025-02-06,T01,262481561
2025-02-06,T02,226137961
2025-02-06,T03,177679826
2025-02-06,T04,212004338
2025-02-07,T01,258712603
2025-02-07,T02,222890857
2025-02-07,T03,175128531
2025-02-07,T04,208960179
2025-02-08,T01,232584178
2025-02-08,T02,200380215
2025-02-08,T03,157441598
2025-02-08,T04,187856452
2025-02-09,T01,233079965
2025-02-09,T02,200807354
2025-02-09,T03,157777207
2025-02-09,T04,188256894
2025-02-10,T01,263594929
2025-02-10,T02,227097170
2025-02-10,T03,178433490
2025-02-10,T04,212903597
2025-02-11,T01,258829105
2025-02-11,T02,222991229
2025-02-11,T03,175207394
2025-02-11,T04,209054277
2025-02-12,T01,255131461
2025-02-12,T02,219805566
2025-02-12,T03,172704373
2025-02-12,T04,206067718
2025-02-13,T01,257576930
2025-02-13,T02,221912432
2025-02-13,T03,174359768
2025-02-13,T04,208042905
2025-02-14,T01,265021856
2025-02-14,T02,228326522
2025-02-14,T03,179399410
2025-02-14,T04,214056115
2025-02-15,T01,233185900
2025-02-15,T02,200898621
2025-02-15,T03,157848917
2025-02-15,T04,188342457
2025-02-16,T01,229165787
2025-02-16,T02,197435139
2025-02-16,T03,155127609
2025-02-16,T04,185095443
2025-02-17,T01,259217939
2025-02-17,T02,223326225
2025-02-17,T03,175470605
2025-02-17,T04,209368336
2025-02-18,T01,264401499
2025-02-18,T02,227792061
2025-02-18,T03,178979476
2025-02-18,T04,213555057
2025-02-19,T01,257123869
2025-02-19,T02,221522103
2025-02-19,T03,174053080
2025-02-19,T04,207676971
2025-02-20,T01,256127066
2025-02-20,T02,220663318
2025-02-20,T03,173378321
2025-02-20,T04,206871861
2025-02-21,T01,259533102
2025-02-21,T02,223597750
2025-02-21,T03,175683946
2025-02-21,T04,209622890
2025-02-22,T01,239240404
2025-02-22,T02,206114810
2025-02-22,T03,161947350
2025-02-22,T04,193232634
2025-02-23,T01,234367672
2025-02-23,T02,201916764
2025-02-23,T03,158648886
2025-02-23,T04,189296966
2025-02-24,T01,258635605
2025-02-24,T02,222824521
2025-02-24,T03,175076409
2025-02-24,T04,208897988
2025-02-25,T01,259299241
2025-02-25,T02,223396269
2025-02-25,T03,175525640
2025-02-25,T04,209434002
2025-02-26,T01,263702959
2025-02-26,T02,227190242
2025-02-26,T03,178506618
2025-02-26,T04,212990851
2025-02-27,T01,262661606
2025-02-27,T02,226293076
2025-02-27,T03,177801703
2025-02-27,T04,212149759
2025-02-28,T01,254912521
2025-02-28,T02,219616941
2025-02-28,T03,172556168
2025-02-28,T04,205890882
2025-03-01,T01,241024017
2025-03-01,T02,207651461
2025-03-01,T03,163154719
2025-03-01,T04,194673244
2025-03-02,T01,246633394
2025-03-02,T02,212484155
2025-03-02,T03,166951836
2025-03-02,T04,199203895
2025-03-03,T01,265666548
2025-03-03,T02,228881949
2025-03-03,T03,179835817
2025-03-03,T04,214576827
2025-03-04,T01,265120276
2025-03-04,T02,228411314
2025-03-04,T03,179466033
2025-03-04,T04,214135607
2025-03-05,T01,262005056
2025-03-05,T02,225727433
2025-03-05,T03,177357268
2025-03-05,T04,211619468
2025-03-06,T01,271432512
2025-03-06,T02,233849548
2025-03-06,T03,183738931
2025-03-06,T04,219233952
2025-03-07,T01,267260571
2025-03-07,T02,230255261
2025-03-07,T03,180914848
2025-03-07,T04,215864308
2025-03-08,T01,237129230
2025-03-08,T02,204295952
2025-03-08,T03,160518248
2025-03-08,T04,191527455
2025-03-09,T01,241035434
2025-03-09,T02,207661297
2025-03-09,T03,163162448
2025-03-09,T04,194682466
2025-03-10,T01,270309612
2025-03-10,T02,232882127
2025-03-10,T03,182978814
2025-03-10,T04,218326994
2025-03-11,T01,265637826
2025-03-11,T02,228857204
2025-03-11,T03,179816374
2025-03-11,T04,214553629
2025-03-12,T01,263618443
2025-03-12,T02,227117428
2025-03-12,T03,178449408
2025-03-12,T04,212922589
2025-03-13,T01,266354817
2025-03-13,T02,229474919
2025-03-13,T03,180301722
2025-03-13,T04,215132736
2025-03-14,T01,270388738
2025-03-14,T02,232950298
2025-03-14,T03,183032377
2025-03-14,T04,218390904
2025-03-15,T01,240972246
2025-03-15,T02,207606858
2025-03-15,T03,163119674
2025-03-15,T04,194631429
2025-03-16,T01,236647825
2025-03-16,T02,203881203
2025-03-16,T03,160192374
2025-03-16,T04,191138628
2025-03-17,T01,263060876
2025-03-17,T02,226637062
2025-03-17,T03,178071978
2025-03-17,T04,212472246
2025-03-18,T01,266780943
2025-03-18,T02,229842043
2025-03-18,T03,180590177
2025-03-18,T04,215476915
2025-03-19,T01,268434308
2025-03-19,T02,231266480
2025-03-19,T03,181709377
2025-03-19,T04,216812325
2025-03-20,T01,260358075
2025-03-20,T02,224308496
2025-03-20,T03,176242389
2025-03-20,T04,210289215
2025-03-21,T01,268301559
2025-03-21,T02,231152112
2025-03-21,T03,181619517
2025-03-21,T04,216705105
2025-03-22,T01,243089432
2025-03-22,T02,209430895
2025-03-22,T03,164552846
2025-03-22,T04,196341464
2025-03-23,T01,237902456
2025-03-23,T02,204962116
2025-03-23,T03,161041662
2025-03-23,T04,192151983
2025-03-24,T01,264121225
2025-03-24,T02,227550594
2025-03-24,T03,178789752
2025-03-24,T04,213328682
2025-03-25,T01,266358427
2025-03-25,T02,229478029
2025-03-25,T03,180304166
2025-03-25,T04,215135652
2025-03-26,T01,273069960
2025-03-26,T02,235260273
2025-03-26,T03,184847357
2025-03-26,T04,220556506
2025-03-27,T01,271973313
2025-03-27,T02,234315469
2025-03-27,T03,184105011
2025-03-27,T04,219670752
2025-03-28,T01,262959449
2025-03-28,T02,226549679
2025-03-28,T03,178003319
2025-03-28,T04,212390324
2025-03-29,T01,240127655
2025-03-29,T02,206879210
2025-03-29,T03,162547951
2025-03-29,T04,193949259
2025-03-30,T01,243932168
2025-03-30,T02,210156944
2025-03-30,T03,165123313
2025-03-30,T04,197022135
2025-03-31,T01,264924190
2025-03-31,T02,228242379
2025-03-31,T03,179333297
2025-03-31,T04,213977230
2025-04-01,T01,268347839
2025-04-01,T02,231191984
2025-04-01,T03,181650845
2025-04-01,T04,216742485
2025-04-02,T01,276036603
2025-04-02,T02,237816150
2025-04-02,T03,186855547
2025-04-02,T04,222952641
2025-04-03,T01,267308337
2025-04-03,T02,230296413
2025-04-03,T03,180947182
2025-04-03,T04,215902888
2025-04-04,T01,265642844
2025-04-04,T02,228861527
2025-04-04,T03,179819771
2025-04-04,T04,214557682
2025-04-05,T01,241392698
2025-04-05,T02,207969094
2025-04-05,T03,163404288
2025-04-05,T04,194971025
2025-04-06,T01,247766847
2025-04-06,T02,213460668
2025-04-06,T03,167719096
2025-04-06,T04,200119376
2025-04-07,T01,266525696
2025-04-07,T02,229622138
2025-04-07,T03,180417394
2025-04-07,T04,215270754
2025-04-08,T01,264640692
2025-04-08,T02,227998134
2025-04-08,T03,179141391
2025-04-08,T04,213748251
2025-04-09,T01,264532790
2025-04-09,T02,227905173
2025-04-09,T03,179068350
2025-04-09,T04,213661099
2025-04-10,T01,273083531
2025-04-10,T02,235271965
2025-04-10,T03,184856544
2025-04-10,T04,220567467
2025-04-11,T01,264001617
2025-04-11,T02,227447547
2025-04-11,T03,178708787
2025-04-11,T04,213232075
2025-04-12,T01,239772625
2025-04-12,T02,206573338
2025-04-12,T03,162307623
2025-04-12,T04,193662505
2025-04-13,T01,241708616
2025-04-13,T02,208241269
2025-04-13,T03,163618140
2025-04-13,T04,195226190
2025-04-14,T01,269532299
2025-04-14,T02,232212442
2025-04-14,T03,182452633
2025-04-14,T04,217699165
2025-04-15,T01,267787609
2025-04-15,T02,230709324
2025-04-15,T03,181271612
2025-04-15,T04,216289992
2025-04-16,T01,262515133
2025-04-16,T02,226166884
2025-04-16,T03,177702551
2025-04-16,T04,212031453
2025-04-17,T01,267771892
2025-04-17,T02,230695783
2025-04-17,T03,181260973
2025-04-17,T04,216277297
2025-04-18,T01,274546286
2025-04-18,T02,236532184
2025-04-18,T03,185846716
2025-04-18,T04,221748923
2025-04-19,T01,239645557
2025-04-19,T02,206463864
2025-04-19,T03,162221607
2025-04-19,T04,193559872
2025-04-20,T01,241680477
2025-04-20,T02,208217026
2025-04-20,T03,163599092
2025-04-20,T04,195203462
2025-04-21,T01,269780167
2025-04-21,T02,232425990
2025-04-21,T03,182620420
2025-04-21,T04,217899365
2025-04-22,T01,272877895
2025-04-22,T02,235094802
2025-04-22,T03,184717344
2025-04-22,T04,220401376
2025-04-23,T01,267213579
2025-04-23,T02,230214776
2025-04-23,T03,180883038
2025-04-23,T04,215826352
2025-04-24,T01,263652123
2025-04-24,T02,227146444
2025-04-24,T03,178472206
2025-04-24,T04,212949791
2025-04-25,T01,266556232
2025-04-25,T02,229648446
2025-04-25,T03,180438065
2025-04-25,T04,215295418
2025-04-26,T01,245212622
2025-04-26,T02,211260105
2025-04-26,T03,165990082
2025-04-26,T04,198056348
2025-04-27,T01,240787557
2025-04-27,T02,207447741
2025-04-27,T03,162994654
2025-04-27,T04,194482257
2025-04-28,T01,262795619
2025-04-28,T02,226408533
2025-04-28,T03,177892419
2025-04-28,T04,212258000
2025-04-29,T01,267450991
2025-04-29,T02,230419316
2025-04-29,T03,181043748
2025-04-29,T04,216018108
2025-04-30,T01,277423274
2025-04-30,T02,239010821
2025-04-30,T03,187794216
2025-04-30,T04,224072644
2025-05-01,T01,263835279
2025-05-01,T02,227304241
2025-05-01,T03,178596189
2025-05-01,T04,213097726
2025-05-02,T01,274280050
2025-05-02,T02,236302812
2025-05-02,T03,185666495
2025-05-02,T04,221533887
2025-05-03,T01,239722059
2025-05-03,T02,206529774
2025-05-03,T03,162273394
2025-05-03,T04,193621663
2025-05-04,T01,233586286
2025-05-04,T02,201243570
2025-05-04,T03,158119947
2025-05-04,T04,188665846
2025-05-05,T01,266392017
2025-05-05,T02,229506969
2025-05-05,T03,180326904
2025-05-05,T04,215162783
2025-05-06,T01,270401037
2025-05-06,T02,232960893
2025-05-06,T03,183040702
2025-05-06,T04,218400837
2025-05-07,T01,265597841
2025-05-07,T02,228822756
2025-05-07,T03,179789308
2025-05-07,T04,214521333
2025-05-08,T01,264497664
2025-05-08,T02,227874911
2025-05-08,T03,179044572
2025-05-08,T04,213632729
2025-05-09,T01,266016759
2025-05-09,T02,229183669
2025-05-09,T03,180072883
2025-05-09,T04,214859689
2025-05-10,T01,244189693
2025-05-10,T02,210378813
2025-05-10,T03,165297638
2025-05-10,T04,197230137
2025-05-11,T01,237740050
2025-05-11,T02,204822197
2025-05-11,T03,160931726
2025-05-11,T04,192020809
2025-05-12,T01,261904796
2025-05-12,T02,225641055
2025-05-12,T03,177289400
2025-05-12,T04,211538489
2025-05-13,T01,269433884
2025-05-13,T02,232127654
2025-05-13,T03,182386013
2025-05-13,T04,217619675
2025-05-14,T01,272064162
2025-05-14,T02,234393740
2025-05-14,T03,184166510
2025-05-14,T04,219744131
2025-05-15,T01,266667948
2025-05-15,T02,229744694
2025-05-15,T03,180513688
2025-05-15,T04,215385651
2025-05-16,T01,264929829
2025-05-16,T02,228247237
2025-05-16,T03,179337115
2025-05-16,T04,213981785
2025-05-17,T01,239870735
2025-05-17,T02,206657864
2025-05-17,T03,162374036
2025-05-17,T04,193741748
2025-05-18,T01,244686746
2025-05-18,T02,210807042
2025-05-18,T03,165634104
2025-05-18,T04,197631602
2025-05-19,T01,264195436
2025-05-19,T02,227614530
2025-05-19,T03,178839987
2025-05-19,T04,213388621
2025-05-20,T01,263428712
2025-05-20,T02,226953968
2025-05-20,T03,178320974
2025-05-20,T04,212769345
2025-05-21,T01,263090453
2025-05-21,T02,226662544
2025-05-21,T03,178091999
2025-05-21,T04,212496135
2025-05-22,T01,271644830
2025-05-22,T02,234032469
2025-05-22,T03,183882654
2025-05-22,T04,219405440
2025-05-23,T01,266419431
2025-05-23,T02,229530586
2025-05-23,T03,180345461
2025-05-23,T04,215184925
2025-05-24,T01,236633159
2025-05-24,T02,203868568
2025-05-24,T03,160182446
2025-05-24,T04,191126783
2025-05-25,T01,238889748
2025-05-25,T02,205812706
2025-05-25,T03,161709983
2025-05-25,T04,192949412
2025-05-26,T01,271365531
2025-05-26,T02,233791842
2025-05-26,T03,183693590
2025-05-26,T04,219179852
2025-05-27,T01,267386045
2025-05-27,T02,230363362
2025-05-27,T03,180999784
2025-05-27,T04,215965652
2025-05-28,T01,264559045
2025-05-28,T02,227927792
2025-05-28,T03,179086122
2025-05-28,T04,213682305
2025-05-29,T01,270715693
2025-05-29,T02,233231982
2025-05-29,T03,183253700
2025-05-29,T04,218654983
2025-05-30,T01,274218562
2025-05-30,T02,236249838
2025-05-30,T03,185624873
2025-05-30,T04,221484223
2025-05-31,T01,237231839
2025-05-31,T02,204384353
2025-05-31,T03,160587706
2025-05-31,T04,191610331
2025-06-01,T01,283636851
2025-06-01,T02,244364056
2025-06-01,T03,192000330
2025-06-01,T04,229091302
2025-06-02,T01,322676952
2025-06-02,T02,277998605
2025-06-02,T03,218427475
2025-06-02,T04,260623692
2025-06-03,T01,315870298
2025-06-03,T02,272134410
2025-06-03,T03,213819894
2025-06-03,T04,255126010
2025-06-04,T01,311400449
2025-06-04,T02,268283464
2025-06-04,T03,210794150
2025-06-04,T04,251515747
2025-06-05,T01,314633751
2025-06-05,T02,271069078
2025-06-05,T03,212982847
2025-06-05,T04,254127261
2025-06-06,T01,327452560
2025-06-06,T02,282112974
2025-06-06,T03,221660194
2025-06-06,T04,264480913
2025-06-07,T01,283798662
2025-06-07,T02,244503463
2025-06-07,T03,192109863
2025-06-07,T04,229221996
2025-06-08,T01,281303301
2025-06-08,T02,242353613
2025-06-08,T03,190420696
2025-06-08,T04,227206512
2025-06-09,T01,316218728
2025-06-09,T02,272434596
2025-06-09,T03,214055754
2025-06-09,T04,255407434
2025-06-10,T01,322709864
2025-06-10,T02,278026959
2025-06-10,T03,218449754
2025-06-10,T04,260650274
2025-06-11,T01,318702130
2025-06-11,T02,274574143
2025-06-11,T03,215736827
2025-06-11,T04,257413259
2025-06-12,T01,311513703
2025-06-12,T02,268381036
2025-06-12,T03,210870814
2025-06-12,T04,251607221
2025-06-13,T01,319441389
2025-06-13,T02,275211042
2025-06-13,T03,216237248
2025-06-13,T04,258010352
2025-06-14,T01,290683055
2025-06-14,T02,250434632
2025-06-14,T03,196770068
2025-06-14,T04,234782467
2025-06-15,T01,288792148
2025-06-15,T02,248805543
2025-06-15,T03,195490069
2025-06-15,T04,233255196
2025-06-16,T01,312238563
2025-06-16,T02,269005531
2025-06-16,T03,211361489
2025-06-16,T04,252192685
2025-06-17,T01,317071858
2025-06-17,T02,273169601
2025-06-17,T03,214633258
2025-06-17,T04,256096501
2025-06-18,T01,327568489
2025-06-18,T02,282212852
2025-06-18,T03,221738669
2025-06-18,T04,264574549
2025-06-19,T01,315239695
2025-06-19,T02,271591122
2025-06-19,T03,213393024
2025-06-19,T04,254616677
2025-06-20,T01,312804617
2025-06-20,T02,269493208
2025-06-20,T03,211744663
2025-06-20,T04,252649883
2025-06-21,T01,234875432
2025-06-21,T02,202354219
2025-06-21,T03,158992600
2025-06-21,T04,189707080
2025-06-22,T01,240135646
2025-06-22,T02,206886095
2025-06-22,T03,162553360
2025-06-22,T04,193955714
2025-06-23,T01,259811322
2025-06-23,T02,223837446
2025-06-23,T03,175872279
2025-06-23,T04,209847606
2025-06-24,T01,255990271
2025-06-24,T02,220545464
2025-06-24,T03,173285722
2025-06-24,T04,206761373
2025-06-25,T01,259331703
2025-06-25,T02,223424236
2025-06-25,T03,175547614
2025-06-25,T04,209460221
2025-06-26,T01,266133403
2025-06-26,T02,229284163
2025-06-26,T03,180151842
2025-06-26,T04,214953903
2025-06-27,T01,256141346
2025-06-27,T02,220675621
2025-06-27,T03,173387988
2025-06-27,T04,206883395
2025-06-28,T01,232195664
2025-06-28,T02,200045495
2025-06-28,T03,157178603
2025-06-28,T04,187542652
2025-06-29,T01,234999097
2025-06-29,T02,202460760
2025-06-29,T03,159076311
2025-06-29,T04,189806963
2025-06-30,T01,264648601
2025-06-30,T02,228004948
2025-06-30,T03,179146745
2025-06-30,T04,213754639
2025-07-01,T01,251041398
2025-07-01,T02,216281820
2025-07-01,T03,169935715
2025-07-01,T04,202764206
2025-07-02,T01,254102777
2025-07-02,T02,218919316
2025-07-02,T03,172008034
2025-07-02,T04,205236858
2025-07-03,T01,249223434
2025-07-03,T02,214715574
2025-07-03,T03,168705094
2025-07-03,T04,201295850
2025-07-04,T01,247526347
2025-07-04,T02,213253468
2025-07-04,T03,167556297
2025-07-04,T04,199925127
2025-07-05,T01,226174023
2025-07-05,T02,194857620
2025-07-05,T03,153102416
2025-07-05,T04,182679019
2025-07-06,T01,229429605
2025-07-06,T02,197662429
2025-07-06,T03,155306194
2025-07-06,T04,185308527
2025-07-07,T01,250765829
2025-07-07,T02,216044407
2025-07-07,T03,169749177
2025-07-07,T04,202541631
2025-07-08,T01,250218527
2025-07-08,T02,215572885
2025-07-08,T03,169378695
2025-07-08,T04,202099580
2025-07-09,T01,251368093
2025-07-09,T02,216563280
2025-07-09,T03,170156863
2025-07-09,T04,203028075
2025-07-10,T01,274994956
2025-07-10,T02,236918731
2025-07-10,T03,186150432
2025-07-10,T04,222111311
2025-07-11,T01,270246447
2025-07-11,T02,232827708
2025-07-11,T03,182936056
2025-07-11,T04,218275976
2025-07-12,T01,241049726
2025-07-12,T02,207673610
2025-07-12,T03,163172122
2025-07-12,T04,194694009
2025-07-13,T01,243681667
2025-07-13,T02,209941129
2025-07-13,T03,164953744
2025-07-13,T04,196819808
2025-07-14,T01,277278591
2025-07-14,T02,238886170
2025-07-14,T03,187696277
2025-07-14,T04,223955785
2025-07-15,T01,271008279
2025-07-15,T02,233484055
2025-07-15,T03,183451758
2025-07-15,T04,218891302
2025-07-16,T01,264210837
2025-07-16,T02,227627798
2025-07-16,T03,178850413
2025-07-16,T04,213401061
2025-07-17,T01,271324311
2025-07-17,T02,233756329
2025-07-17,T03,183665687
2025-07-17,T04,219146559
2025-07-18,T01,276065120
2025-07-18,T02,237840719
2025-07-18,T03,186874850
2025-07-18,T04,222975674
2025-07-19,T01,245109511
2025-07-19,T02,211171271
2025-07-19,T03,165920284
2025-07-19,T04,197973067
2025-07-20,T01,242755788
2025-07-20,T02,209143448
2025-07-20,T03,164326995
2025-07-20,T04,196071983
2025-07-21,T01,271048840
2025-07-21,T02,233519001
2025-07-21,T03,183479215
2025-07-21,T04,218924063
2025-07-22,T01,278231459
2025-07-22,T02,239707103
2025-07-22,T03,188341295
2025-07-22,T04,224725409
2025-07-23,T01,272752581
2025-07-23,T02,234986839
2025-07-23,T03,184632516
2025-07-23,T04,220300162
2025-07-24,T01,269898971
2025-07-24,T02,232528344
2025-07-24,T03,182700842
2025-07-24,T04,217995323
2025-07-25,T01,272358202
2025-07-25,T02,234647066
2025-07-25,T03,184365552
2025-07-25,T04,219981624
2025-07-26,T01,252155797
2025-07-26,T02,217241917
2025-07-26,T03,170690077
2025-07-26,T04,203664297
2025-07-27,T01,246352012
2025-07-27,T02,212241734
2025-07-27,T03,166761362
2025-07-27,T04,198976625
2025-07-28,T01,269076857
2025-07-28,T02,231820061
2025-07-28,T03,182144334
2025-07-28,T04,217331307
2025-07-29,T01,269386434
2025-07-29,T02,232086774
2025-07-29,T03,182353893
2025-07-29,T04,217581350
2025-07-30,T01,278787390
2025-07-30,T02,240186059
2025-07-30,T03,188717618
2025-07-30,T04,225174430
2025-07-31,T01,270161233
2025-07-31,T02,232754293
2025-07-31,T03,182878373
2025-07-31,T04,218207149
2025-08-01,T01,242804091
2025-08-01,T02,209185063
2025-08-01,T03,164359692
2025-08-01,T04,196110997
2025-08-02,T01,222845953
2025-08-02,T02,191990359
2025-08-02,T03,150849568
2025-08-02,T04,179990962
2025-08-03,T01,217279894
2025-08-03,T02,187194986
2025-08-03,T03,147081774
2025-08-03,T04,175495299
2025-08-04,T01,238818776
2025-08-04,T02,205751561
2025-08-04,T03,161661941
2025-08-04,T04,192892088
2025-08-05,T01,239295319
2025-08-05,T02,206162121
2025-08-05,T03,161984523
2025-08-05,T04,193276988
2025-08-06,T01,247879366
2025-08-06,T02,213557608
2025-08-06,T03,167795263
2025-08-06,T04,200210257
2025-08-07,T01,243177800
2025-08-07,T02,209507028
2025-08-07,T03,164612665
2025-08-07,T04,196412839
2025-08-08,T01,240655616
2025-08-08,T02,207334069
2025-08-08,T03,162905340
2025-08-08,T04,194375690
2025-08-09,T01,214912455
2025-08-09,T02,185155346
2025-08-09,T03,145479200
2025-08-09,T04,173583137
2025-08-10,T01,221804474
2025-08-10,T02,191093085
2025-08-10,T03,150144567
2025-08-10,T04,179149767
2025-08-11,T01,245257386
2025-08-11,T02,211298671
2025-08-11,T03,166020384
2025-08-11,T04,198092504
2025-08-12,T01,238181242
2025-08-12,T02,205202300
2025-08-12,T03,161230379
2025-08-12,T04,192377157
2025-08-13,T01,243458029
2025-08-13,T02,209748455
2025-08-13,T03,164802358
2025-08-13,T04,196639177
2025-08-14,T01,248569052
2025-08-14,T02,214151799
2025-08-14,T03,168262127
2025-08-14,T04,200767311
2025-08-15,T01,242368008
2025-08-15,T02,208809361
2025-08-15,T03,164064498
2025-08-15,T04,195758776
2025-08-16,T01,217036777
2025-08-16,T02,186985531
2025-08-16,T03,146917203
2025-08-16,T04,175298935
2025-08-17,T01,218729304
2025-08-17,T02,188443708
2025-08-17,T03,148062913
2025-08-17,T04,176665976
2025-08-18,T01,248920166
2025-08-18,T02,214454297
2025-08-18,T03,168499804
2025-08-18,T04,201050903
2025-08-19,T01,241867731
2025-08-19,T02,208378353
2025-08-19,T03,163725848
2025-08-19,T04,195354706
2025-08-20,T01,236815882
2025-08-20,T02,204025991
2025-08-20,T03,160306136
2025-08-20,T04,191274366
2025-08-21,T01,242410590
2025-08-21,T02,208846047
2025-08-21,T03,164093323
2025-08-21,T04,195793169
2025-08-22,T01,246860318
2025-08-22,T02,212679658
2025-08-22,T03,167105446
2025-08-22,T04,199387180
2025-08-23,T01,216594635
2025-08-23,T02,186604608
2025-08-23,T03,146617906
2025-08-23,T04,174941820
2025-08-24,T01,215066558
2025-08-24,T02,185288111
2025-08-24,T03,145583516
2025-08-24,T04,173707604
2025-08-25,T01,242111351
2025-08-25,T02,208588241
2025-08-25,T03,163890761
2025-08-25,T04,195551476
2025-08-26,T01,243907664
2025-08-26,T02,210135833
2025-08-26,T03,165106726
2025-08-26,T04,197002344
2025-08-27,T01,240467563
2025-08-27,T02,207172054
2025-08-27,T03,162778042
2025-08-27,T04,194223800
2025-08-28,T01,236686056
2025-08-28,T02,203914140
2025-08-28,T03,160218253
2025-08-28,T04,191169507
2025-08-29,T01,242399880
2025-08-29,T02,208836819
2025-08-29,T03,164086072
2025-08-29,T04,195784518
2025-08-30,T01,224032498
2025-08-30,T02,193012614
2025-08-30,T03,151652768
2025-08-30,T04,180949325
2025-08-31,T01,218611700
2025-08-31,T02,188342388
2025-08-31,T03,147983304
2025-08-31,T04,176570988
2025-09-01,T01,234799736
2025-09-01,T02,202289003
2025-09-01,T03,158941360
2025-09-01,T04,189645941
2025-09-02,T01,237445654
2025-09-02,T02,204568563
2025-09-02,T03,160732443
2025-09-02,T04,191783028
2025-09-03,T01,235300027
2025-09-03,T02,202720023
2025-09-03,T03,159280018
2025-09-03,T04,190050022
2025-09-04,T01,231257783
2025-09-04,T02,199237475
2025-09-04,T03,156543730
2025-09-04,T04,186785133
2025-09-05,T01,235853978
2025-09-05,T02,203197273
2025-09-05,T03,159655000
2025-09-05,T04,190497444
2025-09-06,T01,217779640
2025-09-06,T02,187625536
2025-09-06,T03,147420064
2025-09-06,T04,175898940
2025-09-07,T01,213568429
2025-09-07,T02,183997415
2025-09-07,T03,144569398
2025-09-07,T04,172497577
2025-09-08,T01,233337276
2025-09-08,T02,201029038
2025-09-08,T03,157951387
2025-09-08,T04,188464723
2025-09-09,T01,234239700
2025-09-09,T02,201806511
2025-09-09,T03,158562258
2025-09-09,T04,189193604
2025-09-10,T01,241947772
2025-09-10,T02,208447311
2025-09-10,T03,163780030
2025-09-10,T04,195419354
2025-09-11,T01,235848843
2025-09-11,T02,203192849
2025-09-11,T03,159651524
2025-09-11,T04,190493296
2025-09-12,T01,233104679
2025-09-12,T02,200828647
2025-09-12,T03,157793937
2025-09-12,T04,188276856
2025-09-13,T01,211681477
2025-09-13,T02,182371734
2025-09-13,T03,143292077
2025-09-13,T04,170973501
2025-09-14,T01,215657336
2025-09-14,T02,185797089
2025-09-14,T03,145983427
2025-09-14,T04,174184771
2025-09-15,T01,237746650
2025-09-15,T02,204827883
2025-09-15,T03,160936194
2025-09-15,T04,192026140
2025-09-16,T01,232316822
2025-09-16,T02,200149877
2025-09-16,T03,157260618
2025-09-16,T04,187640510
2025-09-17,T01,237058422
2025-09-17,T02,204234948
2025-09-17,T03,160470316
2025-09-17,T04,191470264
2025-09-18,T01,241601620
2025-09-18,T02,208149088
2025-09-18,T03,163545712
2025-09-18,T04,195139770
2025-09-19,T01,234490213
2025-09-19,T02,202022337
2025-09-19,T03,158731836
2025-09-19,T04,189395941
2025-09-20,T01,208064253
2025-09-20,T02,179255356
2025-09-20,T03,140843494
2025-09-20,T04,168051896
2025-09-21,T01,212916289
2025-09-21,T02,183435572
2025-09-21,T03,144127949
2025-09-21,T04,171970848
2025-09-22,T01,243841106
2025-09-22,T02,210078491
2025-09-22,T03,165061672
2025-09-22,T04,196948585
2025-09-23,T01,232852879
2025-09-23,T02,200611711
2025-09-23,T03,157623487
2025-09-23,T04,188073479
2025-09-24,T01,232727980
2025-09-24,T02,200504105
2025-09-24,T03,157538940
2025-09-24,T04,187972599
2025-09-25,T01,235287070
2025-09-25,T02,202708861
2025-09-25,T03,159271247
2025-09-25,T04,190039557
2025-09-26,T01,236484986
2025-09-26,T02,203740911
2025-09-26,T03,160082144
2025-09-26,T04,191007104
2025-09-27,T01,209867710
2025-09-27,T02,180809104
2025-09-27,T03,142064296
2025-09-27,T04,169508535
2025-09-28,T01,209848530
2025-09-28,T02,180792580
2025-09-28,T03,142051313
2025-09-28,T04,169493043
2025-09-29,T01,234978366
2025-09-29,T02,202442900
2025-09-29,T03,159062279
2025-09-29,T04,189790219
2025-09-30,T01,239449382
2025-09-30,T02,206294852
2025-09-30,T03,162088812
2025-09-30,T04,193401424
2025-10-01,T01,234738905
2025-10-01,T02,202236595
2025-10-01,T03,158900182
2025-10-01,T04,189596808
2025-10-02,T01,234544031
2025-10-02,T02,202068704
2025-10-02,T03,158768267
2025-10-02,T04,189439410
2025-10-03,T01,232866061
2025-10-03,T02,200623068
2025-10-03,T03,157632411
2025-10-03,T04,188084126
2025-10-04,T01,208795288
2025-10-04,T02,179885172
2025-10-04,T03,141338349
2025-10-04,T04,168642348
2025-10-05,T01,209467157
2025-10-05,T02,180464012
2025-10-05,T03,141793152
2025-10-05,T04,169185011
2025-10-06,T01,237141907
2025-10-06,T02,204306874
2025-10-06,T03,160526829
2025-10-06,T04,191537694
2025-10-07,T01,234703550
2025-10-07,T02,202206135
2025-10-07,T03,158876249
2025-10-07,T04,189568252
2025-10-08,T01,229989911
2025-10-08,T02,198145154
2025-10-08,T03,155685478
2025-10-08,T04,185761082
2025-10-09,T01,235084515
2025-10-09,T02,202534351
2025-10-09,T03,159134133
2025-10-09,T04,189875954
2025-10-10,T01,237567801
2025-10-10,T02,204673797
2025-10-10,T03,160815126
2025-10-10,T04,191881685
2025-10-11,T01,210890861
2025-10-11,T02,181690588
2025-10-11,T03,142756890
2025-10-11,T04,170334926
2025-10-12,T01,209283696
2025-10-12,T02,180305954
2025-10-12,T03,141668963
2025-10-12,T04,169036831
2025-10-13,T01,235293666
2025-10-13,T02,202714543
2025-10-13,T03,159275712
2025-10-13,T04,190044884
2025-10-14,T01,240353342
2025-10-14,T02,207073648
2025-10-14,T03,162700723
2025-10-14,T04,194131545
2025-10-15,T01,233114885
2025-10-15,T02,200837439
2025-10-15,T03,157800845
2025-10-15,T04,188285099
2025-10-16,T01,227897089
2025-10-16,T02,196342107
2025-10-16,T03,154268798
2025-10-16,T04,184070726
2025-10-17,T01,233068702
2025-10-17,T02,200797651
2025-10-17,T03,157769583
2025-10-17,T04,188247798
2025-10-18,T01,212874462
2025-10-18,T02,183399537
2025-10-18,T03,144099636
2025-10-18,T04,171937065
2025-10-19,T01,209570991
2025-10-19,T02,180553469
2025-10-19,T03,141863440
2025-10-19,T04,169268877
2025-10-20,T01,230867759
2025-10-20,T02,198901454
2025-10-20,T03,156279713
2025-10-20,T04,186470113
2025-10-21,T01,232937218
2025-10-21,T02,200684373
2025-10-21,T03,157680578
2025-10-21,T04,188141599
2025-10-22,T01,240361201
2025-10-22,T02,207080419
2025-10-22,T03,162706043
2025-10-22,T04,194137893
2025-10-23,T01,233875375
2025-10-23,T02,201492631
2025-10-23,T03,158315638
2025-10-23,T04,188899341
2025-10-24,T01,228880580
2025-10-24,T02,197189423
2025-10-24,T03,154934546
2025-10-24,T04,184865084
2025-10-25,T01,209232765
2025-10-25,T02,180262075
2025-10-25,T03,141634487
2025-10-25,T04,168995695
2025-10-26,T01,217084792
2025-10-26,T02,187026897
2025-10-26,T03,146949705
2025-10-26,T04,175337716
2025-10-27,T01,232885872
2025-10-27,T02,200640136
2025-10-27,T03,157645821
2025-10-27,T04,188100127
2025-10-28,T01,230656915
2025-10-28,T02,198719803
2025-10-28,T03,156136988
2025-10-28,T04,186299816
2025-10-29,T01,232344133
2025-10-29,T02,200173407
2025-10-29,T03,157279105
2025-10-29,T04,187662569
2025-10-30,T01,239019873
2025-10-30,T02,205924814
2025-10-30,T03,161798068
2025-10-30,T04,193054513
2025-10-31,T01,233201560
2025-10-31,T02,200912113
2025-10-31,T03,157859517
2025-10-31,T04,188355106
2025-11-01,T01,211629795
2025-11-01,T02,182327208
2025-11-01,T03,143257092
2025-11-01,T04,170931758
2025-11-02,T01,218211024
2025-11-02,T02,187997190
2025-11-02,T03,147712077
2025-11-02,T04,176247365
2025-11-03,T01,235443445
2025-11-03,T02,202843583
2025-11-03,T03,159377101
2025-11-03,T04,190165859
2025-11-04,T01,233165454
2025-11-04,T02,200881006
2025-11-04,T03,157835076
2025-11-04,T04,188325943
2025-11-05,T01,233922729
2025-11-05,T02,201533428
2025-11-05,T03,158347693
2025-11-05,T04,188937589
2025-11-06,T01,243318790
2025-11-06,T02,209628496
2025-11-06,T03,164708104
2025-11-06,T04,196526715
2025-11-07,T01,235978287
2025-11-07,T02,203304370
2025-11-07,T03,159739148
2025-11-07,T04,190597847
2025-11-08,T01,209638584
2025-11-08,T02,180611703
2025-11-08,T03,141909195
2025-11-08,T04,169323471
2025-11-09,T01,212290120
2025-11-09,T02,182896103
2025-11-09,T03,143704081
2025-11-09,T04,171465096
2025-11-10,T01,243156265
2025-11-10,T02,209488474
2025-11-10,T03,164598087
2025-11-10,T04,196395444
2025-11-11,T01,234256273
2025-11-11,T02,201820789
2025-11-11,T03,158573477
2025-11-11,T04,189206990
2025-11-12,T01,234969070
2025-11-12,T02,202434891
2025-11-12,T03,159055985
2025-11-12,T04,189782710
2025-11-13,T01,237239586
2025-11-13,T02,204391028
2025-11-13,T03,160592951
2025-11-13,T04,191616589
2025-11-14,T01,242158682
2025-11-14,T02,208629018
2025-11-14,T03,163922800
2025-11-14,T04,195589705
2025-11-15,T01,212018193
2025-11-15,T02,182661828
2025-11-15,T03,143520007
2025-11-15,T04,171245463
2025-11-16,T01,212473130
2025-11-16,T02,183053774
2025-11-16,T03,143827965
2025-11-16,T04,171612913
2025-11-17,T01,237882495
2025-11-17,T02,204944919
2025-11-17,T03,161028151
2025-11-17,T04,192135862
2025-11-18,T01,238743480
2025-11-18,T02,205686690
2025-11-18,T03,161610971
2025-11-18,T04,192831272
2025-11-19,T01,234664509
2025-11-19,T02,202172500
2025-11-19,T03,158849821
2025-11-19,T04,189536719
2025-11-20,T01,232045282
2025-11-20,T02,199915936
2025-11-20,T03,157076806
2025-11-20,T04,187421190
2025-11-21,T01,236224660
2025-11-21,T02,203516630
2025-11-21,T03,159905923
2025-11-21,T04,190796840
2025-11-22,T01,218116292
2025-11-22,T02,187915575
2025-11-22,T03,147647952
2025-11-22,T04,176170852
2025-11-23,T01,207248417
2025-11-23,T02,178552482
2025-11-23,T03,140291236
2025-11-23,T04,167392952
2025-11-24,T01,233080528
2025-11-24,T02,200807839
2025-11-24,T03,157777588
2025-11-24,T04,188257349
2025-11-25,T01,232134288
2025-11-25,T02,199992617
2025-11-25,T03,157137056
2025-11-25,T04,187493079
2025-11-26,T01,241732636
2025-11-26,T02,208261964
2025-11-26,T03,163634400
2025-11-26,T04,195245591
2025-11-27,T01,234534020
2025-11-27,T02,202060078
2025-11-27,T03,158761490
2025-11-27,T04,189431323
2025-11-28,T01,233375409
2025-11-28,T02,201061890
2025-11-28,T03,157977200
2025-11-28,T04,188495522
2025-11-29,T01,211620931
2025-11-29,T02,182319571
2025-11-29,T03,143251091
2025-11-29,T04,170924598
2025-11-30,T01,215597821
2025-11-30,T02,185745815
2025-11-30,T03,145943140
2025-11-30,T04,174136701
2025-12-01,T01,241179518
2025-12-01,T02,207785431
2025-12-01,T03,163259981
2025-12-01,T04,194798841
2025-12-02,T01,243930870
2025-12-02,T02,210155826
2025-12-02,T03,165122435
2025-12-02,T04,197021087
2025-12-03,T01,241324375
2025-12-03,T02,207910231
2025-12-03,T03,163358039
2025-12-03,T04,194915842
2025-12-04,T01,241415842
2025-12-04,T02,207989033
2025-12-04,T03,163419954
2025-12-04,T04,194989718
2025-12-05,T01,239563898
2025-12-05,T02,206393512
2025-12-05,T03,162166331
2025-12-05,T04,193493917
2025-12-06,T01,222230948
2025-12-06,T02,191460509
2025-12-06,T03,150433257
2025-12-06,T04,179494227
2025-12-07,T01,218231373
2025-12-07,T02,188014721
2025-12-07,T03,147725852
2025-12-07,T04,176263801
2025-12-08,T01,238947344
2025-12-08,T02,205862327
2025-12-08,T03,161748971
2025-12-08,T04,192995932
2025-12-09,T01,243730248
2025-12-09,T02,209982983
2025-12-09,T03,164986629
2025-12-09,T04,196859047
2025-12-10,T01,247910312
2025-12-10,T02,213584268
2025-12-10,T03,167816211
2025-12-10,T04,200235252
2025-12-11,T01,240231150
2025-12-11,T02,206968375
2025-12-11,T03,162618009
2025-12-11,T04,194032852
2025-12-12,T01,238509941
2025-12-12,T02,205485488
2025-12-12,T03,161452883
2025-12-12,T04,192642645
2025-12-13,T01,219116286
2025-12-13,T02,188777108
2025-12-13,T03,148324870
2025-12-13,T04,176978538
2025-12-14,T01,222245290
2025-12-14,T02,191472865
2025-12-14,T03,150442965
2025-12-14,T04,179505811
2025-12-15,T01,240795930
2025-12-15,T02,207454955
2025-12-15,T03,163000322
2025-12-15,T04,194489020
2025-12-16,T01,239668758
2025-12-16,T02,206483853
2025-12-16,T03,162237313
2025-12-16,T04,193578612
2025-12-17,T01,242604624
2025-12-17,T02,209013214
2025-12-17,T03,164224668
2025-12-17,T04,195949888
2025-12-18,T01,248272053
2025-12-18,T02,213895922
2025-12-18,T03,168061082
2025-12-18,T04,200527427
2025-12-19,T01,241733623
2025-12-19,T02,208262813
2025-12-19,T03,163635068
2025-12-19,T04,195246388
2025-12-20,T01,216980439
2025-12-20,T02,186936993
2025-12-20,T03,146879066
2025-12-20,T04,175253431
2025-12-21,T01,219909290
2025-12-21,T02,189460312
2025-12-21,T03,148861673
2025-12-21,T04,177619042
2025-12-22,T01,247346148
2025-12-22,T02,213098219
2025-12-22,T03,167434315
2025-12-22,T04,199779581
2025-12-23,T01,242157369
2025-12-23,T02,208627887
2025-12-23,T03,163921911
2025-12-23,T04,195588644
2025-12-24,T01,238530154
2025-12-24,T02,205502902
2025-12-24,T03,161466566
2025-12-24,T04,192658970
2025-12-25,T01,242266588
2025-12-25,T02,208721984
2025-12-25,T03,163995844
2025-12-25,T04,195676860
2025-12-26,T01,245498693
2025-12-26,T02,211506566
2025-12-26,T03,166183730
2025-12-26,T04,198287406
2025-12-27,T01,217294019
2025-12-27,T02,187207155
2025-12-27,T03,147091336
2025-12-27,T04,175506708
2025-12-28,T01,214321259
2025-12-28,T02,184646008
2025-12-28,T03,145079006
2025-12-28,T04,173105632
2025-12-29,T01,243021354
2025-12-29,T02,209372244
2025-12-29,T03,164506763
2025-12-29,T04,196286478
2025-12-30,T01,243774240
2025-12-30,T02,210020884
2025-12-30,T03,165016408
2025-12-30,T04,196894578
2025-12-31,T01,244783471
2025-12-31,T02,210890375
2025-12-31,T03,165699580
2025-12-31,T04,197709726
2026-01-01,T01,271375446
2026-01-01,T02,233800384
2026-01-01,T03,183700301
2026-01-01,T04,219187860
2026-01-02,T01,276689060
2026-01-02,T02,238378267
2026-01-02,T03,187297210
2026-01-02,T04,223479626
2026-01-03,T01,245099274
2026-01-03,T02,211162451
2026-01-03,T03,165913354
2026-01-03,T04,197964798
2026-01-04,T01,245860981
2026-01-04,T02,211818692
2026-01-04,T03,166428972
2026-01-04,T04,198580023
2026-01-05,T01,269329442
2026-01-05,T02,232037673
2026-01-05,T03,182315314
2026-01-05,T04,217535318
2026-01-06,T01,277615522
2026-01-06,T02,239176449
2026-01-06,T03,187924353
2026-01-06,T04,224227921
2026-01-07,T01,268920336
2026-01-07,T02,231685213
2026-01-07,T03,182038381
2026-01-07,T04,217204887
2026-01-08,T01,270408812
2026-01-08,T02,232967592
2026-01-08,T03,183045965
2026-01-08,T04,218407117
2026-01-09,T01,273665691
2026-01-09,T02,235773518
2026-01-09,T03,185250621
2026-01-09,T04,221037673
2026-01-10,T01,251761578
2026-01-10,T02,216902282
2026-01-10,T03,170423222
2026-01-10,T04,203345889
2026-01-11,T01,246443516
2026-01-11,T02,212320567
2026-01-11,T03,166823303
2026-01-11,T04,199050532
2026-01-12,T01,270231941
2026-01-12,T02,232815211
2026-01-12,T03,182926237
2026-01-12,T04,218264260
2026-01-13,T01,270056814
2026-01-13,T02,232664332
2026-01-13,T03,182807689
2026-01-13,T04,218122811
2026-01-14,T01,276192258
2026-01-14,T02,237950253
2026-01-14,T03,186960913
2026-01-14,T04,223078362
2026-01-15,T01,271847843
2026-01-15,T02,234207372
2026-01-15,T03,184020078
2026-01-15,T04,219569411
2026-01-16,T01,266667670
2026-01-16,T02,229744454
2026-01-16,T03,180513500
2026-01-16,T04,215385426
2026-01-17,T01,243522960
2026-01-17,T02,209804397
2026-01-17,T03,164846311
2026-01-17,T04,196691622
2026-01-18,T01,250796481
2026-01-18,T02,216070814
2026-01-18,T03,169769926
2026-01-18,T04,202566389
2026-01-19,T01,272530686
2026-01-19,T02,234795668
2026-01-19,T03,184482310
2026-01-19,T04,220120939
2026-01-20,T01,270281112
2026-01-20,T02,232857573
2026-01-20,T03,182959522
2026-01-20,T04,218303975
2026-01-21,T01,274153800
2026-01-21,T02,236194043
2026-01-21,T03,185581034
2026-01-21,T04,221431915
2026-01-22,T01,277463051
2026-01-22,T02,239045090
2026-01-22,T03,187821142
2026-01-22,T04,224104772
2026-01-23,T01,271050434
2026-01-23,T02,233520374
2026-01-23,T03,183480294
2026-01-23,T04,218925350
2026-01-24,T01,243698213
2026-01-24,T02,209955384
2026-01-24,T03,164964944
2026-01-24,T04,196833172
2026-01-25,T01,245754553
2026-01-25,T02,211727000
2026-01-25,T03,166356928
2026-01-25,T04,198494062
2026-01-26,T01,278703457
2026-01-26,T02,240113747
2026-01-26,T03,188660801
2026-01-26,T04,225106638
2026-01-27,T01,269215605
2026-01-27,T02,231939598
2026-01-27,T03,182238256
2026-01-27,T04,217443373
2026-01-28,T01,269550332
2026-01-28,T02,232227978
2026-01-28,T03,182464840
2026-01-28,T04,217713730
2026-01-29,T01,267996098
2026-01-29,T02,230888946
2026-01-29,T03,181412743
2026-01-29,T04,216458387
2026-01-30,T01,279314709
2026-01-30,T02,240640365
2026-01-30,T03,189074572
2026-01-30,T04,225600342
2026-01-31,T01,245993938
2026-01-31,T02,211933239
2026-01-31,T03,166518973
2026-01-31,T04,198687411
2026-02-01,T01,259308159
2026-02-01,T02,223403953
2026-02-01,T03,175531677
2026-02-01,T04,209441206
2026-02-02,T01,286601411
2026-02-02,T02,246918139
2026-02-02,T03,194007109
2026-02-02,T04,231485755
2026-02-03,T01,280880612
2026-02-03,T02,241989450
2026-02-03,T03,190134568
2026-02-03,T04,226865110
2026-02-04,T01,276628698
2026-02-04,T02,238326263
2026-02-04,T03,187256350
2026-02-04,T04,223430872
2026-02-05,T01,281626493
2026-02-05,T02,242632056
2026-02-05,T03,190639472
2026-02-05,T04,227467552
2026-02-06,T01,288673710
2026-02-06,T02,248703504
2026-02-06,T03,195409896
2026-02-06,T04,233159535
2026-02-07,T01,253196530
2026-02-07,T02,218138549
2026-02-07,T03,171394574
2026-02-07,T04,204504889
2026-02-08,T01,250526337
2026-02-08,T02,215838075
2026-02-08,T03,169587059
2026-02-08,T04,202348195
2026-02-09,T01,280494781
2026-02-09,T02,241657042
2026-02-09,T03,189873390
2026-02-09,T04,226553477
2026-02-10,T01,288792518
2026-02-10,T02,248805862
2026-02-10,T03,195490320
2026-02-10,T04,233255496
2026-02-11,T01,277378614
2026-02-11,T02,238972344
2026-02-11,T03,187763984
2026-02-11,T04,224036572
2026-02-12,T01,280612136
2026-02-12,T02,241758148
2026-02-12,T03,189952830
2026-02-12,T04,226648263
2026-02-13,T01,279392493
2026-02-13,T02,240707379
2026-02-13,T03,189127226
2026-02-13,T04,225663168
2026-02-14,T01,260953890
2026-02-14,T02,224821813
2026-02-14,T03,176645710
2026-02-14,T04,210770450
2026-02-15,T01,254941591
2026-02-15,T02,219641986
2026-02-15,T03,172575846
2026-02-15,T04,205914362
2026-02-16,T01,277899928
2026-02-16,T02,239421476
2026-02-16,T03,188116874
2026-02-16,T04,224457634
2026-02-17,T01,283345669
2026-02-17,T02,244113191
2026-02-17,T03,191803222
2026-02-17,T04,228856117
2026-02-18,T01,289273383
2026-02-18,T02,249220146
2026-02-18,T03,195815829
2026-02-18,T04,233643886
2026-02-19,T01,277700295
2026-02-19,T02,239249485
2026-02-19,T03,187981738
2026-02-19,T04,224296392
2026-02-20,T01,282792560
2026-02-20,T02,243636667
2026-02-20,T03,191428809
2026-02-20,T04,228409375
2026-02-21,T01,255020874
2026-02-21,T02,219710291
2026-02-21,T03,172629514
2026-02-21,T04,205978398
2026-02-22,T01,260157214
2026-02-22,T02,224135446
2026-02-22,T03,176106422
2026-02-22,T04,210126980
2026-02-23,T01,283027081
2026-02-23,T02,243838716
2026-02-23,T03,191587563
2026-02-23,T04,228598796
2026-02-24,T01,278208777
2026-02-24,T02,239687562
2026-02-24,T03,188325941
2026-02-24,T04,224707089
2026-02-25,T01,281525836
2026-02-25,T02,242545336
2026-02-25,T03,190571335
2026-02-25,T04,227386252
2026-02-26,T01,287338988
2026-02-26,T02,247553589
2026-02-26,T03,194506392
2026-02-26,T04,232081490
2026-02-27,T01,279209960
2026-02-27,T02,240550119
2026-02-27,T03,189003665
2026-02-27,T04,225515737
2026-02-28,T01,250510710
2026-02-28,T02,215824612
2026-02-28,T03,169576481
2026-02-28,T04,202335574
2026-03-01,T01,262786109
2026-03-01,T02,226400340
2026-03-01,T03,177885981
2026-03-01,T04,212250319
2026-03-02,T01,294781921
2026-03-02,T02,253965963
2026-03-02,T03,199544685
2026-03-02,T04,238093090
2026-03-03,T01,291124471
2026-03-03,T02,250814928
2026-03-03,T03,197068872
2026-03-03,T04,235138995
2026-03-04,T01,287076861
2026-03-04,T02,247327757
2026-03-04,T03,194328952
2026-03-04,T04,231869772
2026-03-05,T01,290107710
2026-03-05,T02,249938950
2026-03-05,T03,196380604
2026-03-05,T04,234317766
2026-03-06,T01,294803200
2026-03-06,T02,253984295
2026-03-06,T03,199559089
2026-03-06,T04,238110277
2026-03-07,T01,260361145
2026-03-07,T02,224311140
2026-03-07,T03,176244467
2026-03-07,T04,210291694
2026-03-08,T01,257071830
2026-03-08,T02,221477269
2026-03-08,T03,174017854
2026-03-08,T04,207634939
2026-03-09,T01,287028883
2026-03-09,T02,247286422
2026-03-09,T03,194296475
2026-03-09,T04,231831021
2026-03-10,T01,296492451
2026-03-10,T02,255439650
2026-03-10,T03,200702582
2026-03-10,T04,239474672
2026-03-11,T01,287198936
2026-03-11,T02,247432929
2026-03-11,T03,194411587
2026-03-11,T04,231968371
2026-03-12,T01,284226763
2026-03-12,T02,244872288
2026-03-12,T03,192399655
2026-03-12,T04,229567770
2026-03-13,T01,287630028
2026-03-13,T02,247804332
2026-03-13,T03,194703403
2026-03-13,T04,232316561
2026-03-14,T01,268235602
2026-03-14,T02,231095288
2026-03-14,T03,181574869
2026-03-14,T04,216651832
2026-03-15,T01,259750854
2026-03-15,T02,223785351
2026-03-15,T03,175831347
2026-03-15,T04,209798766
2026-03-16,T01,284668112
2026-03-16,T02,245252528
2026-03-16,T03,192698414
2026-03-16,T04,229924245
2026-03-17,T01,290266402
2026-03-17,T02,250075669
2026-03-17,T03,196488026
2026-03-17,T04,234445940
2026-03-18,T01,293800879
2026-03-18,T02,253120758
2026-03-18,T03,198880595
2026-03-18,T04,237300710
2026-03-19,T01,286711792
2026-03-19,T02,247013236
2026-03-19,T03,194081828
2026-03-19,T04,231574909
2026-03-20,T01,287241498
2026-03-20,T02,247469598
2026-03-20,T03,194440399
2026-03-20,T04,232002749
2026-03-21,T01,259462905
2026-03-21,T02,223537272
2026-03-21,T03,175636428
2026-03-21,T04,209566192
2026-03-22,T01,266318271
2026-03-22,T02,229443433
2026-03-22,T03,180276983
2026-03-22,T04,215103219
2026-03-23,T01,287934860
2026-03-23,T02,248066956
2026-03-23,T03,194909751
2026-03-23,T04,232562771
2026-03-24,T01,283580483
2026-03-24,T02,244315493
2026-03-24,T03,191962173
2026-03-24,T04,229045775
2026-03-25,T01,289066753
2026-03-25,T02,249042126
2026-03-25,T03,195675956
2026-03-25,T04,233476993
2026-03-26,T01,294347895
2026-03-26,T02,253592032
2026-03-26,T03,199250882
2026-03-26,T04,237742530
2026-03-27,T01,288492274
2026-03-27,T02,248547190
2026-03-27,T03,195287078
2026-03-27,T04,233012990
2026-03-28,T01,257908004
2026-03-28,T02,222197665
2026-03-28,T03,174583880
2026-03-28,T04,208310311
2026-03-29,T01,257868147
2026-03-29,T02,222163327
2026-03-29,T03,174556900
2026-03-29,T04,208278119
2026-03-30,T01,294890703
2026-03-30,T02,254059683
2026-03-30,T03,199618322
2026-03-30,T04,238180953
2026-03-31,T01,290280234
2026-03-31,T02,250087586
2026-03-31,T03,196497389
2026-03-31,T04,234457112
2026-04-01,T01,288964891
2026-04-01,T02,248954368
2026-04-01,T03,195607003
2026-04-01,T04,233394720
2026-04-02,T01,295430358
2026-04-02,T02,254524616
2026-04-02,T03,199983627
2026-04-02,T04,238616828
2026-04-03,T01,291050101
2026-04-03,T02,250750856
2026-04-03,T03,197018529
2026-04-03,T04,235078927
2026-04-04,T01,257564687
2026-04-04,T02,221901884
2026-04-04,T03,174351480
2026-04-04,T04,208033016
2026-04-05,T01,265498050
2026-04-05,T02,228736781
2026-04-05,T03,179721757
2026-04-05,T04,214440732
2026-04-06,T01,297373831
2026-04-06,T02,256198993
2026-04-06,T03,201299209
2026-04-06,T04,240186556
2026-04-07,T01,290813938
2026-04-07,T02,250547393
2026-04-07,T03,196858666
2026-04-07,T04,234888181
2026-04-08,T01,284775262
2026-04-08,T02,245344841
2026-04-08,T03,192770946
2026-04-08,T04,230010788
2026-04-09,T01,295480744
2026-04-09,T02,254568025
2026-04-09,T03,200017734
2026-04-09,T04,238657524
2026-04-10,T01,297328798
2026-04-10,T02,256160195
2026-04-10,T03,201268725
2026-04-10,T04,240150183
2026-04-11,T01,264621405
2026-04-11,T02,227981518
2026-04-11,T03,179128336
2026-04-11,T04,213732674
2026-04-12,T01,260523538
2026-04-12,T02,224451048
2026-04-12,T03,176354395
2026-04-12,T04,210422857
2026-04-13,T01,292730190
2026-04-13,T02,252198318
2026-04-13,T03,198155821
2026-04-13,T04,236435923
2026-04-14,T01,296662705
2026-04-14,T02,255586330
2026-04-14,T03,200817831
2026-04-14,T04,239612184
2026-04-15,T01,290534253
2026-04-15,T02,250306433
2026-04-15,T03,196669340
2026-04-15,T04,234662281
2026-04-16,T01,288868495
2026-04-16,T02,248871318
2026-04-16,T03,195541750
2026-04-16,T04,233316861
2026-04-17,T01,287379671
2026-04-17,T02,247588640
2026-04-17,T03,194533931
2026-04-17,T04,232114350
2026-04-18,T01,268874317
2026-04-18,T02,231645566
2026-04-18,T03,182007230
2026-04-18,T04,217167718
2026-04-19,T01,259397657
2026-04-19,T02,223481058
2026-04-19,T03,175592260
2026-04-19,T04,209513492
2026-04-20,T01,286134895
2026-04-20,T02,246516218
2026-04-20,T03,193691314
2026-04-20,T04,231108954
2026-04-21,T01,290050872
2026-04-21,T02,249889982
2026-04-21,T03,196342129
2026-04-21,T04,234271858
2026-04-22,T01,296472995
2026-04-22,T02,255422888
2026-04-22,T03,200689412
2026-04-22,T04,239458958
2026-04-23,T01,293038292
2026-04-23,T02,252463759
2026-04-23,T03,198364382
2026-04-23,T04,236684774
2026-04-24,T01,287146896
2026-04-24,T02,247388095
2026-04-24,T03,194376360
2026-04-24,T04,231926339
2026-04-25,T01,264999072
2026-04-25,T02,228306893
2026-04-25,T03,179383987
2026-04-25,T04,214037712
2026-04-26,T01,268531072
2026-04-26,T02,231349847
2026-04-26,T03,181774880
2026-04-26,T04,216890481
2026-04-27,T01,289302378
2026-04-27,T02,249245125
2026-04-27,T03,195835456
2026-04-27,T04,233667305
2026-04-28,T01,285234673
2026-04-28,T02,245740641
2026-04-28,T03,193081932
2026-04-28,T04,230381851
2026-04-29,T01,290776601
2026-04-29,T02,250515225
2026-04-29,T03,196833391
2026-04-29,T04,234858024
2026-04-30,T01,296907140
2026-04-30,T02,255796920
2026-04-30,T03,200983294
2026-04-30,T04,239809613
2026-05-01,T01,283030453
2026-05-01,T02,243841621
2026-05-01,T03,191589845
2026-05-01,T04,228601520
2026-05-02,T01,266286565
2026-05-02,T02,229416117
2026-05-02,T03,180255521
2026-05-02,T04,215077610
2026-05-03,T01,256382228
2026-05-03,T02,220883151
2026-05-03,T03,173551047
2026-05-03,T04,207077954
2026-05-04,T01,281541256
2026-05-04,T02,242558620
2026-05-04,T03,190581773
2026-05-04,T04,227398706
2026-05-05,T01,285192369
2026-05-05,T02,245704195
2026-05-05,T03,193053296
2026-05-05,T04,230347683
2026-05-06,T01,293184604
2026-05-06,T02,252589813
2026-05-06,T03,198463424
2026-05-06,T04,236802950
2026-05-07,T01,286266493
2026-05-07,T02,246629594
2026-05-07,T03,193780395
2026-05-07,T04,231215244
2026-05-08,T01,284889198
2026-05-08,T02,245443001
2026-05-08,T03,192848072
2026-05-08,T04,230102813
2026-05-09,T01,261498194
2026-05-09,T02,225290751
2026-05-09,T03,177014162
2026-05-09,T04,211210079
2026-05-10,T01,263459203
2026-05-10,T02,226980236
2026-05-10,T03,178341614
2026-05-10,T04,212793971
2026-05-11,T01,285248118
2026-05-11,T02,245752224
2026-05-11,T03,193091033
2026-05-11,T04,230392710
2026-05-12,T01,286316503
2026-05-12,T02,246672679
2026-05-12,T03,193814248
2026-05-12,T04,231255637
2026-05-13,T01,285720845
2026-05-13,T02,246159497
2026-05-13,T03,193411033
2026-05-13,T04,230774528
2026-05-14,T01,294421311
2026-05-14,T02,253655283
2026-05-14,T03,199300580
2026-05-14,T04,237801828
2026-05-15,T01,284960603
2026-05-15,T02,245504520
2026-05-15,T03,192896408
2026-05-15,T04,230160487
2026-05-16,T01,256136819
2026-05-16,T02,220671721
2026-05-16,T03,173384923
2026-05-16,T04,206879738
2026-05-17,T01,259039099
2026-05-17,T02,223172146
2026-05-17,T03,175349544
2026-05-17,T04,209223887
2026-05-18,T01,290526071
2026-05-18,T02,250299384
2026-05-18,T03,196663802
2026-05-18,T04,234655673
2026-05-19,T01,290024832
2026-05-19,T02,249867547
2026-05-19,T03,196324501
2026-05-19,T04,234250826
2026-05-20,T01,284523566
2026-05-20,T02,245127995
2026-05-20,T03,192600567
2026-05-20,T04,229807495
2026-05-21,T01,287211441
2026-05-21,T02,247443703
2026-05-21,T03,194420052
2026-05-21,T04,231978471
2026-05-22,T01,289611885
2026-05-22,T02,249511778
2026-05-22,T03,196044968
2026-05-22,T04,233917292
2026-05-23,T01,258581903
2026-05-23,T02,222778255
2026-05-23,T03,175040058
2026-05-23,T04,208854614
2026-05-24,T01,253569962
2026-05-24,T02,218460275
2026-05-24,T03,171647359
2026-05-24,T04,204806508
2026-05-25,T01,291432267
2026-05-25,T02,251080107
2026-05-25,T03,197277226
2026-05-25,T04,235387600
2026-05-26,T01,295316694
2026-05-26,T02,254426690
2026-05-26,T03,199906685
2026-05-26,T04,238525022
2026-05-27,T01,284625490
2026-05-27,T02,245215806
2026-05-27,T03,192669562
2026-05-27,T04,229889818
2026-05-28,T01,285258123
2026-05-28,T02,245760844
2026-05-28,T03,193097806
2026-05-28,T04,230400791
2026-05-29,T01,285702838
2026-05-29,T02,246143983
2026-05-29,T03,193398844
2026-05-29,T04,230759984
2026-05-30,T01,269026884
2026-05-30,T02,231777008
2026-05-30,T03,182110506
2026-05-30,T04,217290945
2026-05-31,T01,259195624
2026-05-31,T02,223306999
2026-05-31,T03,175455499
2026-05-31,T04,209350312
2026-06-01,T01,341513853
2026-06-01,T02,294227319
2026-06-01,T03,231178608
2026-06-01,T04,275838112
2026-06-02,T01,347440704
2026-06-02,T02,299333530
2026-06-02,T03,235190630
2026-06-02,T04,280625184
2026-06-03,T01,344304420
2026-06-03,T02,296631500
2026-06-03,T03,233067607
2026-06-03,T04,278092031
2026-06-04,T01,339369253
2026-06-04,T02,292379664
2026-06-04,T03,229726879
2026-06-04,T04,274105935
2026-06-05,T01,340325166
2026-06-05,T02,293203220
2026-06-05,T03,230373958
2026-06-05,T04,274878019
2026-06-06,T01,317091554
2026-06-06,T02,273186570
2026-06-06,T03,214646590
2026-06-06,T04,256112409
2026-06-07,T01,309314323
2026-06-07,T02,266486186
2026-06-07,T03,209382003
2026-06-07,T04,249830799
2026-06-08,T01,338518058
2026-06-08,T02,291646327
2026-06-08,T03,229150685
2026-06-08,T04,273418431
2026-06-09,T01,344048176
2026-06-09,T02,296410736
2026-06-09,T03,232894150
2026-06-09,T04,277885065
2026-06-10,T01,351806952
2026-06-10,T02,303095220
2026-06-10,T03,238146244
2026-06-10,T04,284151769
2026-06-11,T01,338303954
2026-06-11,T02,291461868
2026-06-11,T03,229005753
2026-06-11,T04,273245501
2026-06-12,T01,339639488
2026-06-12,T02,292612482
2026-06-12,T03,229909807
2026-06-12,T04,274324202
2026-06-13,T01,312407191
2026-06-13,T02,269150811
2026-06-13,T03,211475637
2026-06-13,T04,252328885
2026-06-14,T01,319613849
2026-06-14,T02,275359623
2026-06-14,T03,216353990
2026-06-14,T04,258149647
2026-06-15,T01,342498178
2026-06-15,T02,295075354
2026-06-15,T03,231844921
2026-06-15,T04,276633144
2026-06-16,T01,338114948
2026-06-16,T02,291299032
2026-06-16,T03,228877810
2026-06-16,T04,273092842
2026-06-17,T01,345395481
2026-06-17,T02,297571491
2026-06-17,T03,233806171
2026-06-17,T04,278973273
2026-06-18,T01,349881734
2026-06-18,T02,301436571
2026-06-18,T03,236843020
2026-06-18,T04,282596785
2026-06-19,T01,343352322
2026-06-19,T02,295811231
2026-06-19,T03,232423110
2026-06-19,T04,277323029
2026-06-20,T01,307616964
2026-06-20,T02,265023846
2026-06-20,T03,208233022
2026-06-20,T04,248459855
2026-06-21,T01,253874889
2026-06-21,T02,218722982
2026-06-21,T03,171853771
2026-06-21,T04,205052795
2026-06-22,T01,288128253
2026-06-22,T02,248233572
2026-06-22,T03,195040663
2026-06-22,T04,232718973
2026-06-23,T01,280344283
2026-06-23,T02,241527382
2026-06-23,T03,189771514
2026-06-23,T04,226431920
2026-06-24,T01,278259232
2026-06-24,T02,239731030
2026-06-24,T03,188360095
2026-06-24,T04,224747841
2026-06-25,T01,279578260
2026-06-25,T02,240867424
2026-06-25,T03,189252976
2026-06-25,T04,225813210
2026-06-26,T01,289038163
2026-06-26,T02,249017494
2026-06-26,T03,195656602
2026-06-26,T04,233453901
2026-06-27,T01,250729328
2026-06-27,T02,216012959
2026-06-27,T03,169724468
2026-06-27,T04,202512149
2026-06-28,T01,251310503
2026-06-28,T02,216513664
2026-06-28,T03,170117879
2026-06-28,T04,202981560
2026-06-29,T01,278846940
2026-06-29,T02,240237364
2026-06-29,T03,188757929
2026-06-29,T04,225222529
2026-06-30,T01,284992105
2026-06-30,T02,245531660
2026-06-30,T03,192917732
2026-06-30,T04,230185931
2026-07-01,T01,276669582
2026-07-01,T02,238361486
2026-07-01,T03,187284025
2026-07-01,T04,223463893
2026-07-02,T01,274437586
2026-07-02,T02,236438536
2026-07-02,T03,185773135
2026-07-02,T04,221661127
2026-07-03,T01,276819995
2026-07-03,T02,238491073
2026-07-03,T03,187385843
2026-07-03,T04,223585380
2026-07-04,T01,246349771
2026-07-04,T02,212239803
2026-07-04,T03,166759845
2026-07-04,T04,198974815
2026-07-05,T01,248968479
2026-07-05,T02,214495920
2026-07-05,T03,168532508
2026-07-05,T04,201089925
2026-07-06,T01,276448597
2026-07-06,T02,238171099
2026-07-06,T03,187134435
2026-07-06,T04,223285405
2026-07-07,T01,273401188
2026-07-07,T02,235545639
2026-07-07,T03,185071573
2026-07-07,T04,220824036
2026-07-08,T01,270654649
2026-07-08,T02,233179390
2026-07-08,T03,183212378
2026-07-08,T04,218605678
2026-07-09,T01,275121742
2026-07-09,T02,237027962
2026-07-09,T03,186236256
2026-07-09,T04,222213715
2026-07-10,T01,292774688
2026-07-10,T02,252236654
2026-07-10,T03,198185943
2026-07-10,T04,236471864
2026-07-11,T01,271533778
2026-07-11,T02,233936794
2026-07-11,T03,183807481
2026-07-11,T04,219315744
2026-07-12,T01,264450019
2026-07-12,T02,227833862
2026-07-12,T03,179012320
2026-07-12,T04,213594246
2026-07-13,T01,275976733
2026-07-13,T02,237764570
2026-07-13,T03,186815019
2026-07-13,T04,222904285
2026-07-14,T01,298877385
2026-07-14,T02,257494362
2026-07-14,T03,202316999
2026-07-14,T04,241400964
2026-07-15,T01,280758445
2026-07-15,T02,241884199
2026-07-15,T03,190051871
2026-07-15,T04,226766437
2026-07-16,T01,294343014
2026-07-16,T02,253587828
2026-07-16,T03,199247579
2026-07-16,T04,237738589
2026-07-17,T01,283974660
2026-07-17,T02,244655092
2026-07-17,T03,192229000
2026-07-17,T04,229364148
2026-07-18,T01,272576821
2026-07-18,T02,234835415
2026-07-18,T03,184513540
2026-07-18,T04,220158201
2026-07-19,T01,251746660
2026-07-19,T02,216889430
2026-07-19,T03,170413123
2026-07-19,T04,203333840
2026-07-20,T01,305502767
2026-07-20,T02,263202384
2026-07-20,T03,206801873
2026-07-20,T04,246752235
2026-07-21,T01,291423925
2026-07-21,T02,251072920
2026-07-21,T03,197271580
2026-07-21,T04,235380862
2026-07-22,T01,307936818
2026-07-22,T02,265299412
2026-07-22,T03,208449538
2026-07-22,T04,248718199
2026-07-23,T01,292450130
2026-07-23,T02,251957035
2026-07-23,T03,197966242
2026-07-23,T04,236209721
2026-07-24,T01,303020401
2026-07-24,T02,261063730
2026-07-24,T03,205121502
2026-07-24,T04,244747247
2026-07-25,T01,263409303
2026-07-25,T02,226937246
2026-07-25,T03,178307836
2026-07-25,T04,212753668
